Closure,133
1,1dfad5043a207e032a78ef50c3cba50488bcd300
#,com/google/javascript/jscomp/RemoveUnusedVars.java,370:371:372:373:374:375:376:377:378:379:380
2,d1cfe67977d8f3aaa85ec20c262171da394d5977
#,com/google/javascript/jscomp/TypeCheck.java,1572:1573:1574:1575
3,d80fcc04239ab8c4cf781273c4f9bc54cf06f479
#,com/google/javascript/jscomp/FlowSensitiveInlineVariables.java,155:280:368:375
4,efefb736fccc2039b5fb079710b3f2ac82b8c6e4
#,com/google/javascript/rhino/jstype/NamedType.java,190:202
5,59eec92e364b2ec2cec9dd63449f5c0134983f18
#,com/google/javascript/jscomp/InlineObjectLiterals.java,173:174:175:176:177:178:179:180:181:182:183:184:185
6,9f7a353385bf0b93cdaeaa56cc5b1450db790127
#,com/google/javascript/jscomp/TypeValidator.java,366:367:368:385:405:406:407:409
7,e736b1c92981fafdc87f3f41f66918305f173734
#,com/google/javascript/jscomp/type/ChainableReverseAbstractInterpreter.java,613
8,6300a43566d4adcf8828128267808a8740edc835
#,com/google/javascript/jscomp/CollapseVariableDeclarations.java,202:203:204
9,e9c15465c000c19ef4e0b8f68a680589ae4111d7
#,com/google/javascript/jscomp/ProcessCommonJSModules.java,117:118:119:120:183
10,0884a4cbef1c82153ef306477a12af0480385a35
#,com/google/javascript/jscomp/NodeUtil.java,1417
11,482b767639e6eec7c30d8898851560c41b66d885
#,com/google/javascript/jscomp/TypeCheck.java,1314:1315
12,d06ac163013a3779fcec7c2f544ba99d08f69f58
#,com/google/javascript/jscomp/MaybeReachingVariableUse.java,160
13,d6d733f461ee5ba26e9326c1c7609f1f00d6d2db
#,com/google/javascript/jscomp/PeepholeOptimizationsPass.java,126:128
14,4b15b25f400335b6e2820cb690430324748372f9
#,com/google/javascript/jscomp/ControlFlowAnalysis.java,767
15,968b3f467f51c6bfec18af1fbcf980a0f19a1fb3
#,com/google/javascript/jscomp/FlowSensitiveInlineVariables.java,101:102:103
16,3b97e5e4212c769daa22a96094ed19b4658c8760
#,com/google/javascript/jscomp/ScopedAliases.java,172:174:175:176:180:468
17,33ab4df84afbdb36216b8a1ea3a526c438615e26
#,com/google/javascript/jscomp/TypedScopeCreator.java,1291:1292:1293:1294:1295
18,ea119a2d06328852763f9ee447c3bf74fa1f83dc
#,com/google/javascript/jscomp/Compiler.java,1288
19,686146c4de7d2bd985156ae15175365633dd0f94
#,com/google/javascript/jscomp/type/ChainableReverseAbstractInterpreter.java,159:162:163:171:172:173:174
20,ebf229b05f4ee71bc05d70830f5dd5683271d661
#,com/google/javascript/jscomp/PeepholeSubstituteAlternateSyntax.java,220
21,1787d7b2cff83a0f177dd958033c53e4502406d2
#,com/google/javascript/jscomp/CheckSideEffects.java,101:113:114:115:116:117:118:119:120:121:122:123:124:125:126:127:128:129:130
22,43a55234ef122a1ed98681ce0350506207b878d5
#,com/google/javascript/jscomp/CheckSideEffects.java,101:102:103:104:105:106:107:111:112:113:114:115:116:117:118:119:120:121:122:123:124:125:126:127:128:134:135:136:137:138
23,b59cdd9e2dc64d2db86b90982c200a78f2f85e50
#,com/google/javascript/jscomp/PeepholeFoldConstants.java,1451:1452:1453:1454
24,70ca6014779735bdc52ca0e80e528257829a15e7
#,com/google/javascript/jscomp/ScopedAliases.java,287:288:289:290:291
25,2e904fcdc3bc09e3bff557fcfca383ba7e450095
#,com/google/javascript/jscomp/TypeInference.java,1036:1037:1038:1055:1059:1060:1061
26,372eb11e44b8559004bfe78a5b4003caf0072135
#,com/google/javascript/jscomp/ProcessCommonJSModules.java,207:208:228
27,7a8983042131c5a9c2b5421ae42075cbb8ef1aeb
#,com/google/javascript/rhino/IR.java,224:225:233
28,59dbb7a28680caad08ddb1658123fe0cbb1ae689
#,com/google/javascript/jscomp/InlineCostEstimator.java,
29,6924915efab89f921fd0779fe200fecc1bf80847
#,com/google/javascript/jscomp/InlineObjectLiterals.java,156:157:172:173:174:175:176:177:178:179:180:181:215:216:217
30,38e2b8f247423734adec3dbd76fa22da1a3561a8
#,com/google/javascript/jscomp/FlowSensitiveInlineVariables.java,157
#,com/google/javascript/jscomp/MustBeReachingVariableDef.java,396:398:399:430:431
31,0a670cb51fd56c12c19f98884c9513792ebc3f76
#,com/google/javascript/jscomp/Compiler.java,1285
32,66c8c695fd8130e3ede6f77c6e5cc1ec96a0e9b3
#,com/google/javascript/jscomp/parsing/JsDocInfoParser.java,1331:1332:1333:1334:1335:1336:1337:1338:1339:1340:1341:1342:1343:1344:1345:1346:1347:1348:1349:1350:1351:1352:1353:1354:1355:1356:1357:1358:1359:1363:1364:1380:1381:1382:1383:1386:1387:1388:1389:1390:1391:1414:1415:1416
33,382422adae8e9f07fc23c94089c0ebe08a2174bc
#,com/google/javascript/rhino/jstype/PrototypeObjectType.java,556:557:558:559:560:561:562:563:564:565:566:567
34,87b154f89cba3c67045cd7a783b79231d0630a4c
#,com/google/javascript/jscomp/CodeGenerator.java,122:123:124:754
#,com/google/javascript/jscomp/CodePrinter.java,334
35,22784dc96c391b01692ce686eb93b9aa0ef74ede
#,com/google/javascript/jscomp/TypeInference.java,1121:1122:1123:1124:1125:1126:1127:1128:1129:1130:1131:1132:1133:1134:1135
36,be397ee0d0be2aad8f71d12f097b17563866445a
#,com/google/javascript/jscomp/InlineVariables.java,572:573:574:575
37,7e93d521cb67ce33018315234fafe8a5aa30ee1e
#,com/google/javascript/jscomp/NodeTraversal.java,541
#,com/google/javascript/jscomp/parsing/IRFactory.java,667:668:669:670
38,8cf08115c6b252f8c6b54348a4089dccc45a01fb
#,com/google/javascript/jscomp/CodeConsumer.java,245
39,d577973fb378dfe0d05991ec0dfa6c1f40e574ee
#,com/google/javascript/rhino/jstype/PrototypeObjectType.java,380:383:394
40,6ebc0c3d7d4da7d2cf95f53d4ea790e89d3abc7a
#,com/google/javascript/jscomp/NameAnalyzer.java,635:636:639
41,00b1517c53912ac6843c257c0a6ead1176e8c5ee
#,com/google/javascript/jscomp/FunctionTypeBuilder.java,290:291:292:293:481:482:483:484
42,fb01427a445ebfeb3af5e220a98ccaced339b73e
#,com/google/javascript/jscomp/parsing/IRFactory.java,568:569:570
43,f636f23bdef4b27752ca249a28463ec1b6af1f0b
#,com/google/javascript/jscomp/TypedScopeCreator.java,545:546:547:580:581
44,64bb2291f9a9bbab67d865dffe603f8a0df8ef30
#,com/google/javascript/jscomp/CodeConsumer.java,194:195:196:197:198:199
45,6aa71f116df0102a98c463f471ad8ddd4dba01f8
#,com/google/javascript/jscomp/RemoveUnusedVars.java,731:732:739:741:904
46,4a1a31c6a50a0fbe25fa33277909bd51f1deb8e9
#,com/google/javascript/rhino/jstype/RecordType.java,140:141:142:143:144:145:146:147:148:149:150:151:152:153:154:155
47,aedce35970673f20696d5721acba13e986cc764c
#,com/google/debugging/sourcemap/SourceMapConsumerV3.java,489:490
#,com/google/javascript/jscomp/SourceMap.java,133:134:135:136:137:138:139:141
48,46da17d59abb4f9c48b6ffd31601c212490b970b
#,com/google/javascript/jscomp/TypedScopeCreator.java,1521:1523:1524:1525
49,1a7ba5cb0111dd3ed9afd9691cab39b3c341e408
#,com/google/javascript/jscomp/MakeDeclaredNamesUnique.java,91:92:93:94:95:96:97:98:117:139:140:150:158:170:171:172:173:174:175:176:177:178:179:180:181:185
50,c3b630fc9c2a1c4eb7cb718f8d324bfb306cb9df
#,com/google/javascript/jscomp/PeepholeReplaceKnownMethods.java,376:388:389:390:391
51,a02241e5df48e44e23dc0e66dbef3fdc3c91eb3e
#,com/google/javascript/jscomp/CodeConsumer.java,241
52,5909c3db59b16886917456ab950ef9661a7fe6b1
#,com/google/javascript/jscomp/CodeGenerator.java,745
53,9959716b01fc5231ae68bc7a24454ce45d341606
#,com/google/javascript/jscomp/InlineObjectLiterals.java,331:332:333:350:351
54,7e9b8336568ea7f05c33e1b58eb67fa6d4eee756
#,com/google/javascript/jscomp/TypedScopeCreator.java,1408:1409:1410:1411:1412:1413
#,com/google/javascript/rhino/jstype/FunctionType.java,341:365:366:371:372:373:374:375
55,f2c0cb1f67ecb3315c0cb11326c9cb04db07ee8a
#,com/google/javascript/jscomp/FunctionRewriter.java,117
56,9e921fa973c603473f745fff76c44620fd7719e3
#,com/google/javascript/jscomp/SourceFile.java,239:240:241:242:243
57,f759f431d5a7a2261b44440bca9cfab93ae25302
#,com/google/javascript/jscomp/ClosureCodingConvention.java,197
58,f640b5dec722422c93a9a624cd21d30b5e321858
#,com/google/javascript/jscomp/LiveVariablesAnalysis.java,206:208
59,49b4ef31c850611a5c85d95140b4cedda7f4c59a
#,com/google/javascript/jscomp/Compiler.java,255
60,fbaadc736f0031dd84bebea33abae497b47158cb
#,com/google/javascript/jscomp/NodeUtil.java,76:80:83:88:93:103:107:108:109:136:137:138
61,34e4616a924bf272c076039e143e20f1d792731e
#,com/google/javascript/jscomp/NodeUtil.java,956:957:958:959
62,b12d1d6489329c989b15635f6f7f06681b3f6582
#,com/google/javascript/jscomp/LightweightMessageFormatter.java,98
63,37b0e1b0b5860e6cd4f48519c1105623778dc44f
#,com/google/javascript/jscomp/LightweightMessageFormatter.java,98
64,de726510af4329fb8eeb8a54b2d93d8d37c87545
#,com/google/javascript/jscomp/Compiler.java,1432:1461:1467:1473
65,48aea0ff7d027507362007415963a4b662fb10a7
#,com/google/javascript/jscomp/CodeGenerator.java,1015
66,59a30b48325cccadabae8687fdf603d72e26c157
#,com/google/javascript/jscomp/TypeCheck.java,516:517
67,aa89d05b48332d68b8e6ebcee427b2ac3b4e3184
#,com/google/javascript/jscomp/AnalyzePrototypeProperties.java,318
68,9d5a6e3082dd99f6c44df1b3526b9e83b79aa7da
#,com/google/javascript/jscomp/parsing/JsDocInfoParser.java,869:871:1708:1709:1761
69,63df133d0850805818d1e280ba47dcefc9763c89
#,com/google/javascript/jscomp/TypeCheck.java,1577:1578:1579:1580:1581
70,ec4a34c2bd87ba54fa8770affdeeea4f3c42089b
#,com/google/javascript/jscomp/TypedScopeCreator.java,1745
71,db1fdf97454a6e4ff2d29cab5f1ef2273b54c0b4
#,com/google/javascript/jscomp/CheckAccessControls.java,416
72,e323b879de2e53e5eedf6e7afb0d582382c6248d
#,com/google/javascript/jscomp/FunctionToBlockMutator.java,151:152
#,com/google/javascript/jscomp/RenameLabels.java,215
73,ee8344091722c28c9351e78dcb4155fbfddfd1af
#,com/google/javascript/jscomp/CodeGenerator.java,1045
74,03fee32a06ccf8257b2da67b9034270be38805ae
#,com/google/javascript/jscomp/PeepholeFoldConstants.java,907:908
75,c6cc58a9bc617483366141386e047b085b4e83ff
#,com/google/javascript/jscomp/NodeUtil.java,313:314:315:375
76,78b01c3a435cd175ce3ee70f97b2f8faac342cdc
#,com/google/javascript/jscomp/DeadAssignmentsElimination.java,297:298:299:300:301:302:303:304:305:306:309:311:312:313:314:315:316:317:318:320:340:341:362:363:364:365:372:377
77,b88400ce0e9c1a0dadfd3417c256b02a82f38fe1
#,com/google/javascript/jscomp/CodeGenerator.java,966:967:968:969:970:971:972:981:998
78,25829b0395164533782d608399096803321225a7
#,com/google/javascript/jscomp/PeepholeFoldConstants.java,711:718
79,5d397618f3c86d9c444a4c4c6441267b8a89a21d
#,com/google/javascript/jscomp/Normalize.java,122
#,com/google/javascript/jscomp/VarCheck.java,221
80,58786c3f717fa506280127265cd68fedf17de0a9
#,com/google/javascript/jscomp/NodeUtil.java,1244:1245:1246:1247:1248:1249:1250:1251:1252:1253:1254:1255:1256:1257:1258:1259:1260:1261:1262:2910:2911:2912
81,084b868bc2fbf9d6d0319e5a362ade1d7f43f899
#,com/google/javascript/jscomp/parsing/IRFactory.java,517
82,a857aec27d79fc234fddd4a72c1215af0251b2d8
#,com/google/javascript/rhino/jstype/JSType.java,163
83,43c245f0ff8d409e81e25687e69d34666b7cf26a
#,com/google/javascript/jscomp/CommandLineRunner.java,334:335:336
84,4839e1ea57f9a1a26debd2cc8f22beef7282b490
#,com/google/javascript/jscomp/parsing/IRFactory.java,341:797:798
85,21a2103d7fa5664ea324ef9ee25b4a8922e50955
#,com/google/javascript/jscomp/UnreachableCodeElimination.java,153:154:155:156:157:158:160:161:162:163:164:165:166:183:196
86,0907b6618a60b2de23c8f7ec2217a37dc5e9a091
#,com/google/javascript/jscomp/NodeUtil.java,2465
87,f64a3f51bd346547ce6e1edb30601df73dff27d9
#,com/google/javascript/jscomp/PeepholeSubstituteAlternateSyntax.java,523:524:525:526:527:528:529:530:531:532:533
88,6a17da87f9e132bdc147b33223826da040c77a6b
#,com/google/javascript/jscomp/DeadAssignmentsElimination.java,327:328:329:330
89,4b065734d8afb5ab0d241ee5da22af0fa9d75ec3
#,com/google/javascript/jscomp/CollapseProperties.java,483:484:485:486
#,com/google/javascript/jscomp/GlobalNamespace.java,920
90,c5e143f7df0c3d73f6634488cac8ad8e7054fe05
#,com/google/javascript/jscomp/FunctionTypeBuilder.java,184
#,com/google/javascript/rhino/jstype/FunctionType.java,880
91,7eb2d84de101a125d41d3a1157f4eed789ca4a0d
#,com/google/javascript/jscomp/CheckGlobalThis.java,113:114:115
92,8980b60033b1c6853cbca593ec89d3d332adf7dc
#,com/google/javascript/jscomp/ProcessClosurePrimitives.java,789
93,9d1e18e87a41f2a610ed70f3a1d57abbce7a1cd7
#,com/google/javascript/jscomp/ProcessClosurePrimitives.java,789
94,7cc748592670105f9d783b1b85f0f27e938db4ff
#,com/google/javascript/jscomp/NodeUtil.java,327:328:329:330:331:332:333:334:335:336:337
95,f6607996d6d3bd6820ce3848d147991b27600a12
#,com/google/javascript/jscomp/TypedScopeCreator.java,899:900:901:902:903:904
96,807aaf2569e9eb09761068c5aeb95654daea30d9
#,com/google/javascript/jscomp/TypeCheck.java,1409:1410:1411:1412:1413
97,ee749e286b477f8d6f53ff5960a38453baf50f31
#,com/google/javascript/jscomp/PeepholeFoldConstants.java,698
98,d1df970451b5a18956448097b3afb43f3a82263d
#,com/google/javascript/jscomp/ReferenceCollectingCallback.java,359:360:361:362:556:557:558:559:560:561:562
99,8aa879a4eeb18cfc8d13e6c843a32b7f41ccd516
#,com/google/javascript/jscomp/CheckGlobalThis.java,91:92:123:124:125:129:132
100,6d00ac1a68612aade8a19d7ecc9b180f00ae5234
#,com/google/javascript/jscomp/CheckGlobalThis.java,93:94:95:96:97:98:99:146
101,369282db85567f1bf2c9635d0c0043d47f114814
#,com/google/javascript/jscomp/CommandLineRunner.java,433:434:435
102,d48c365ba8251057a71a2e2b7aabff640209e31b
#,com/google/javascript/jscomp/Normalize.java,89:94
103,2f5cb1622371de540fe20dcbe0411651ec89f952
#,com/google/javascript/jscomp/ControlFlowAnalysis.java,886:887:888:889:890:891:892:893:894
#,com/google/javascript/jscomp/DisambiguateProperties.java,761:762:763:764:765:766
104,67289ae4cbaba3ae70cd2e8fb92f3f2898039dfb
#,com/google/javascript/rhino/jstype/UnionType.java,291
105,113a08f59e8116fb11a7d4ceb11d5bb09b74ac3c
#,com/google/javascript/jscomp/FoldConstants.java,1477:1483:1484:1488:1492:1500
106,e609670bb56e0c7216c9476a5f6a5594e7f1acdb
#,com/google/javascript/jscomp/GlobalNamespace.java,903:904:905:906:907:908
#,com/google/javascript/rhino/JSDocInfoBuilder.java,189:191
107,49e9565febba904484396e2aef7dbe86f55e9cc5
#,com/google/javascript/jscomp/CommandLineRunner.java,862
108,aae547f4d911dfbf42ca5a31aeb401ac83725a14
#,com/google/javascript/jscomp/ScopedAliases.java,315:316:317:318:319:320:432:581
109,7d26b7bcae8311f3c032bae3f1df27b590a4c174
#,com/google/javascript/jscomp/parsing/JsDocInfoParser.java,1908:1909
110,13fb7fcbcad87f8df63535491627bf7b01471064
#,com/google/javascript/jscomp/ScopedAliases.java,357:358:366:368:369:371:380:381:382:383:384:385:386:387:388:389:390:391:392:393:394:395:396:397:398:407:408:409
#,com/google/javascript/rhino/Node.java,554:555
111,6f981f77e5bd9e2eecbd851a2a02933cdb9af0d8
#,com/google/javascript/jscomp/type/ClosureReverseAbstractInterpreter.java,54
112,b168c8822b2d3d12515ec6477812674c8805bcf3
#,com/google/javascript/jscomp/TypeInference.java,1192:1193
113,0fb76a81bbdd8ab84a00b8be2099abfb83c88668
#,com/google/javascript/jscomp/ProcessClosurePrimitives.java,329
114,5f03c6817341d39d8dead76c7511fd6bb0b9009f
#,com/google/javascript/jscomp/NameAnalyzer.java,578
115,4597738e8898f738c1f969fe90479728be81cc80
#,com/google/javascript/jscomp/FunctionInjector.java,697:698:699:700:701:702:703:704:730:731:732
116,b80dfd3b0e5e4b490b7afb469320d18bac4520b4
#,com/google/javascript/jscomp/FunctionInjector.java,696:697:698:699:723:724:725:726:727
117,871bca1f36c5c06aa880ce21429da63a76f8f6e9
#,com/google/javascript/jscomp/TypeValidator.java,725:726:727:728:729:730:731:756:757:758:759:760:761:762:763:764:765:766:767
118,f17961ae4d3d7cf5ea291d82804239982d009ef7
#,com/google/javascript/jscomp/DisambiguateProperties.java,494:495:496:497
119,046e0b226e963bc584c2a6cd3c2b471777c5cc53
#,com/google/javascript/jscomp/GlobalNamespace.java,366:367:368
120,0123fd5303c85d0d26add64aa2e19fee33f73aaa
#,com/google/javascript/jscomp/ReferenceCollectingCallback.java,431
121,2aee36e667526ff8b0b5e6dad66506acee920ea6
#,com/google/javascript/jscomp/InlineVariables.java,304
122,a8a456b183c9600658bcb0c72091bae1a30a4fda
#,com/google/javascript/jscomp/parsing/IRFactory.java,252
123,8d11b8cc7a6183222b61c9bd398fed5448c59109
#,com/google/javascript/jscomp/CodeGenerator.java,285
124,e7f4269d0289f4d47217207ec456219db8efe47c
#,com/google/javascript/jscomp/ExploitAssigns.java,212:213:214
125,8cef00180a5cf67d047919c89668a6405030dbab
#,com/google/javascript/jscomp/TypeCheck.java,1661
126,bd2803b6d9ab600906b262ae51cb3591160b5f3c
#,com/google/javascript/jscomp/MinimizeExitPoints.java,141:142:143:144
127,211dc0161ae737f59cac22f30b048d56a059d14b
#,com/google/javascript/jscomp/UnreachableCodeElimination.java,170
128,d82fb38b0121bf690cea58df293185c7e91ded9c
#,com/google/javascript/jscomp/CodeGenerator.java,785:791
129,79a8906570f44e5f519282bd32595985ed089aed
#,com/google/javascript/jscomp/PrepareAst.java,164:165:166:167
130,9fac3ccd2fa9e6137584f079db1a6f5962a65cf4
#,com/google/javascript/jscomp/CollapseProperties.java,172
131,7f6700e2b54af3af409f3e8851a0d98a72beef4b
#,com/google/javascript/rhino/TokenStream.java,193:194:199
132,5b9485903b5e7d926f49dc91b915a256df92591c
#,com/google/javascript/jscomp/PeepholeSubstituteAlternateSyntax.java,782
133,4fbbc47cb18f241b23dd2d4bf9c15d45b2473523
#,com/google/javascript/jscomp/parsing/JsDocInfoParser.java,2400:2401
